actor/entropy,actor/grad_norm,actor/lr,actor/pg_clipfrac,actor/pg_clipfrac_lower,actor/pg_loss,actor/ppo_kl,captured_unix,critic/advantages/max,critic/advantages/mean,critic/advantages/min,critic/returns/max,critic/returns/mean,critic/returns/min,critic/rewards/max,critic/rewards/mean,critic/rewards/min,critic/score/max,critic/score/mean,critic/score/min,dynamic_sampling/acceptance_rate,dynamic_sampling/accepted_groups,dynamic_sampling/all_fail_groups,dynamic_sampling/all_success_groups,dynamic_sampling/gen_seconds,dynamic_sampling/generated_groups,dynamic_sampling/generation_batches,dynamic_sampling/mixed_groups,dynamic_sampling/raw_trajectories,dynamic_sampling/reward_seconds,global_seqlen/balanced_max,global_seqlen/balanced_min,global_seqlen/max,global_seqlen/mean,global_seqlen/min,global_seqlen/minmax_diff,num_turns/max,num_turns/mean,num_turns/min,perf/cpu_memory_used_gb,perf/max_memory_allocated_gb,perf/max_memory_reserved_gb,perf/mfu/actor,perf/throughput,perf/time_per_step,perf/total_num_tokens,prompt_length/clip_ratio,prompt_length/max,prompt_length/mean,prompt_length/min,response_length/clip_ratio,response_length/max,response_length/mean,response_length/min,step,timing_per_token_ms/adv,timing_per_token_ms/gen,timing_per_token_ms/update_actor,timing_s/adv,timing_s/dump_rollout_generations,timing_s/gen,timing_s/old_log_prob,timing_s/reward,timing_s/save_checkpoint,timing_s/start_profile,timing_s/step,timing_s/stop_profile,timing_s/testing,timing_s/update_actor,training/epoch,training/global_step,val-aux/num_turns/max,val-aux/num_turns/mean,val-aux/num_turns/min,val-aux/shoppingbench_query/budget/best@2/mean,val-aux/shoppingbench_query/budget/best@2/std,val-aux/shoppingbench_query/budget/best@4/mean,val-aux/shoppingbench_query/budget/best@4/std,val-aux/shoppingbench_query/budget/best@8/mean,val-aux/shoppingbench_query/budget/best@8/std,val-aux/shoppingbench_query/budget/mean@8,val-aux/shoppingbench_query/budget/std@8,val-aux/shoppingbench_query/budget/worst@2/mean,val-aux/shoppingbench_query/budget/worst@2/std,val-aux/shoppingbench_query/budget/worst@4/mean,val-aux/shoppingbench_query/budget/worst@4/std,val-aux/shoppingbench_query/budget/worst@8/mean,val-aux/shoppingbench_query/budget/worst@8/std,val-aux/shoppingbench_query/dense_final_success/best@2/mean,val-aux/shoppingbench_query/dense_final_success/best@2/std,val-aux/shoppingbench_query/dense_final_success/best@4/mean,val-aux/shoppingbench_query/dense_final_success/best@4/std,val-aux/shoppingbench_query/dense_final_success/best@8/mean,val-aux/shoppingbench_query/dense_final_success/best@8/std,val-aux/shoppingbench_query/dense_final_success/mean@8,val-aux/shoppingbench_query/dense_final_success/std@8,val-aux/shoppingbench_query/dense_final_success/worst@2/mean,val-aux/shoppingbench_query/dense_final_success/worst@2/std,val-aux/shoppingbench_query/dense_final_success/worst@4/mean,val-aux/shoppingbench_query/dense_final_success/worst@4/std,val-aux/shoppingbench_query/dense_final_success/worst@8/mean,val-aux/shoppingbench_query/dense_final_success/worst@8/std,val-aux/shoppingbench_query/dense_progress/best@2/mean,val-aux/shoppingbench_query/dense_progress/best@2/std,val-aux/shoppingbench_query/dense_progress/best@4/mean,val-aux/shoppingbench_query/dense_progress/best@4/std,val-aux/shoppingbench_query/dense_progress/best@8/mean,val-aux/shoppingbench_query/dense_progress/best@8/std,val-aux/shoppingbench_query/dense_progress/mean@8,val-aux/shoppingbench_query/dense_progress/std@8,val-aux/shoppingbench_query/dense_progress/worst@2/mean,val-aux/shoppingbench_query/dense_progress/worst@2/std,val-aux/shoppingbench_query/dense_progress/worst@4/mean,val-aux/shoppingbench_query/dense_progress/worst@4/std,val-aux/shoppingbench_query/dense_progress/worst@8/mean,val-aux/shoppingbench_query/dense_progress/worst@8/std,val-aux/shoppingbench_query/dense_task/best@2/mean,val-aux/shoppingbench_query/dense_task/best@2/std,val-aux/shoppingbench_query/dense_task/best@4/mean,val-aux/shoppingbench_query/dense_task/best@4/std,val-aux/shoppingbench_query/dense_task/best@8/mean,val-aux/shoppingbench_query/dense_task/best@8/std,val-aux/shoppingbench_query/dense_task/mean@8,val-aux/shoppingbench_query/dense_task/std@8,val-aux/shoppingbench_query/dense_task/worst@2/mean,val-aux/shoppingbench_query/dense_task/worst@2/std,val-aux/shoppingbench_query/dense_task/worst@4/mean,val-aux/shoppingbench_query/dense_task/worst@4/std,val-aux/shoppingbench_query/dense_task/worst@8/mean,val-aux/shoppingbench_query/dense_task/worst@8/std,val-aux/shoppingbench_query/final_success/best@2/mean,val-aux/shoppingbench_query/final_success/best@2/std,val-aux/shoppingbench_query/final_success/best@4/mean,val-aux/shoppingbench_query/final_success/best@4/std,val-aux/shoppingbench_query/final_success/best@8/mean,val-aux/shoppingbench_query/final_success/best@8/std,val-aux/shoppingbench_query/final_success/mean@8,val-aux/shoppingbench_query/final_success/std@8,val-aux/shoppingbench_query/final_success/worst@2/mean,val-aux/shoppingbench_query/final_success/worst@2/std,val-aux/shoppingbench_query/final_success/worst@4/mean,val-aux/shoppingbench_query/final_success/worst@4/std,val-aux/shoppingbench_query/final_success/worst@8/mean,val-aux/shoppingbench_query/final_success/worst@8/std,val-aux/shoppingbench_query/format/best@2/mean,val-aux/shoppingbench_query/format/best@2/std,val-aux/shoppingbench_query/format/best@4/mean,val-aux/shoppingbench_query/format/best@4/std,val-aux/shoppingbench_query/format/best@8/mean,val-aux/shoppingbench_query/format/best@8/std,val-aux/shoppingbench_query/format/mean@8,val-aux/shoppingbench_query/format/std@8,val-aux/shoppingbench_query/format/worst@2/mean,val-aux/shoppingbench_query/format/worst@2/std,val-aux/shoppingbench_query/format/worst@4/mean,val-aux/shoppingbench_query/format/worst@4/std,val-aux/shoppingbench_query/format/worst@8/mean,val-aux/shoppingbench_query/format/worst@8/std,val-aux/shoppingbench_query/json_decode_failure/best@2/mean,val-aux/shoppingbench_query/json_decode_failure/best@2/std,val-aux/shoppingbench_query/json_decode_failure/best@4/mean,val-aux/shoppingbench_query/json_decode_failure/best@4/std,val-aux/shoppingbench_query/json_decode_failure/best@8/mean,val-aux/shoppingbench_query/json_decode_failure/best@8/std,val-aux/shoppingbench_query/json_decode_failure/mean@8,val-aux/shoppingbench_query/json_decode_failure/std@8,val-aux/shoppingbench_query/json_decode_failure/worst@2/mean,val-aux/shoppingbench_query/json_decode_failure/worst@2/std,val-aux/shoppingbench_query/json_decode_failure/worst@4/mean,val-aux/shoppingbench_query/json_decode_failure/worst@4/std,val-aux/shoppingbench_query/json_decode_failure/worst@8/mean,val-aux/shoppingbench_query/json_decode_failure/worst@8/std,val-aux/shoppingbench_query/length_truncated/best@2/mean,val-aux/shoppingbench_query/length_truncated/best@2/std,val-aux/shoppingbench_query/length_truncated/best@4/mean,val-aux/shoppingbench_query/length_truncated/best@4/std,val-aux/shoppingbench_query/length_truncated/best@8/mean,val-aux/shoppingbench_query/length_truncated/best@8/std,val-aux/shoppingbench_query/length_truncated/mean@8,val-aux/shoppingbench_query/length_truncated/std@8,val-aux/shoppingbench_query/length_truncated/worst@2/mean,val-aux/shoppingbench_query/length_truncated/worst@2/std,val-aux/shoppingbench_query/length_truncated/worst@4/mean,val-aux/shoppingbench_query/length_truncated/worst@4/std,val-aux/shoppingbench_query/length_truncated/worst@8/mean,val-aux/shoppingbench_query/length_truncated/worst@8/std,val-aux/shoppingbench_query/output_chars/best@2/mean,val-aux/shoppingbench_query/output_chars/best@2/std,val-aux/shoppingbench_query/output_chars/best@4/mean,val-aux/shoppingbench_query/output_chars/best@4/std,val-aux/shoppingbench_query/output_chars/best@8/mean,val-aux/shoppingbench_query/output_chars/best@8/std,val-aux/shoppingbench_query/output_chars/mean@8,val-aux/shoppingbench_query/output_chars/std@8,val-aux/shoppingbench_query/output_chars/worst@2/mean,val-aux/shoppingbench_query/output_chars/worst@2/std,val-aux/shoppingbench_query/output_chars/worst@4/mean,val-aux/shoppingbench_query/output_chars/worst@4/std,val-aux/shoppingbench_query/output_chars/worst@8/mean,val-aux/shoppingbench_query/output_chars/worst@8/std,val-aux/shoppingbench_query/paper_asr/best@2/mean,val-aux/shoppingbench_query/paper_asr/best@2/std,val-aux/shoppingbench_query/paper_asr/best@4/mean,val-aux/shoppingbench_query/paper_asr/best@4/std,val-aux/shoppingbench_query/paper_asr/best@8/mean,val-aux/shoppingbench_query/paper_asr/best@8/std,val-aux/shoppingbench_query/paper_asr/mean@8,val-aux/shoppingbench_query/paper_asr/std@8,val-aux/shoppingbench_query/paper_asr/worst@2/mean,val-aux/shoppingbench_query/paper_asr/worst@2/std,val-aux/shoppingbench_query/paper_asr/worst@4/mean,val-aux/shoppingbench_query/paper_asr/worst@4/std,val-aux/shoppingbench_query/paper_asr/worst@8/mean,val-aux/shoppingbench_query/paper_asr/worst@8/std,val-aux/shoppingbench_query/protocol/best@2/mean,val-aux/shoppingbench_query/protocol/best@2/std,val-aux/shoppingbench_query/protocol/best@4/mean,val-aux/shoppingbench_query/protocol/best@4/std,val-aux/shoppingbench_query/protocol/best@8/mean,val-aux/shoppingbench_query/protocol/best@8/std,val-aux/shoppingbench_query/protocol/mean@8,val-aux/shoppingbench_query/protocol/std@8,val-aux/shoppingbench_query/protocol/worst@2/mean,val-aux/shoppingbench_query/protocol/worst@2/std,val-aux/shoppingbench_query/protocol/worst@4/mean,val-aux/shoppingbench_query/protocol/worst@4/std,val-aux/shoppingbench_query/protocol/worst@8/mean,val-aux/shoppingbench_query/protocol/worst@8/std,val-aux/shoppingbench_query/response_tokens/best@2/mean,val-aux/shoppingbench_query/response_tokens/best@2/std,val-aux/shoppingbench_query/response_tokens/best@4/mean,val-aux/shoppingbench_query/response_tokens/best@4/std,val-aux/shoppingbench_query/response_tokens/best@8/mean,val-aux/shoppingbench_query/response_tokens/best@8/std,val-aux/shoppingbench_query/response_tokens/mean@8,val-aux/shoppingbench_query/response_tokens/std@8,val-aux/shoppingbench_query/response_tokens/worst@2/mean,val-aux/shoppingbench_query/response_tokens/worst@2/std,val-aux/shoppingbench_query/response_tokens/worst@4/mean,val-aux/shoppingbench_query/response_tokens/worst@4/std,val-aux/shoppingbench_query/response_tokens/worst@8/mean,val-aux/shoppingbench_query/response_tokens/worst@8/std,val-aux/shoppingbench_query/reward/best@2/mean,val-aux/shoppingbench_query/reward/best@2/std,val-aux/shoppingbench_query/reward/best@4/mean,val-aux/shoppingbench_query/reward/best@4/std,val-aux/shoppingbench_query/reward/std@8,val-aux/shoppingbench_query/reward/worst@2/mean,val-aux/shoppingbench_query/reward/worst@2/std,val-aux/shoppingbench_query/reward/worst@4/mean,val-aux/shoppingbench_query/reward/worst@4/std,val-aux/shoppingbench_query/reward/worst@8/mean,val-aux/shoppingbench_query/reward/worst@8/std,val-aux/shoppingbench_query/reward_batch_size/best@2/mean,val-aux/shoppingbench_query/reward_batch_size/best@2/std,val-aux/shoppingbench_query/reward_batch_size/best@4/mean,val-aux/shoppingbench_query/reward_batch_size/best@4/std,val-aux/shoppingbench_query/reward_batch_size/best@8/mean,val-aux/shoppingbench_query/reward_batch_size/best@8/std,val-aux/shoppingbench_query/reward_batch_size/mean@8,val-aux/shoppingbench_query/reward_batch_size/std@8,val-aux/shoppingbench_query/reward_batch_size/worst@2/mean,val-aux/shoppingbench_query/reward_batch_size/worst@2/std,val-aux/shoppingbench_query/reward_batch_size/worst@4/mean,val-aux/shoppingbench_query/reward_batch_size/worst@4/std,val-aux/shoppingbench_query/reward_batch_size/worst@8/mean,val-aux/shoppingbench_query/reward_batch_size/worst@8/std,val-aux/shoppingbench_query/reward_batch_wall_seconds/best@2/mean,val-aux/shoppingbench_query/reward_batch_wall_seconds/best@2/std,val-aux/shoppingbench_query/reward_batch_wall_seconds/best@4/mean,val-aux/shoppingbench_query/reward_batch_wall_seconds/best@4/std,val-aux/shoppingbench_query/reward_batch_wall_seconds/best@8/mean,val-aux/shoppingbench_query/reward_batch_wall_seconds/best@8/std,val-aux/shoppingbench_query/reward_batch_wall_seconds/mean@8,val-aux/shoppingbench_query/reward_batch_wall_seconds/std@8,val-aux/shoppingbench_query/reward_batch_wall_seconds/worst@2/mean,val-aux/shoppingbench_query/reward_batch_wall_seconds/worst@2/std,val-aux/shoppingbench_query/reward_batch_wall_seconds/worst@4/mean,val-aux/shoppingbench_query/reward_batch_wall_seconds/worst@4/std,val-aux/shoppingbench_query/reward_batch_wall_seconds/worst@8/mean,val-aux/shoppingbench_query/reward_batch_wall_seconds/worst@8/std,val-aux/shoppingbench_query/rule/best@2/mean,val-aux/shoppingbench_query/rule/best@2/std,val-aux/shoppingbench_query/rule/best@4/mean,val-aux/shoppingbench_query/rule/best@4/std,val-aux/shoppingbench_query/rule/best@8/mean,val-aux/shoppingbench_query/rule/best@8/std,val-aux/shoppingbench_query/rule/mean@8,val-aux/shoppingbench_query/rule/std@8,val-aux/shoppingbench_query/rule/worst@2/mean,val-aux/shoppingbench_query/rule/worst@2/std,val-aux/shoppingbench_query/rule/worst@4/mean,val-aux/shoppingbench_query/rule/worst@4/std,val-aux/shoppingbench_query/rule/worst@8/mean,val-aux/shoppingbench_query/rule/worst@8/std,val-aux/shoppingbench_query/score/best@2/mean,val-aux/shoppingbench_query/score/best@2/std,val-aux/shoppingbench_query/score/best@4/mean,val-aux/shoppingbench_query/score/best@4/std,val-aux/shoppingbench_query/score/best@8/mean,val-aux/shoppingbench_query/score/best@8/std,val-aux/shoppingbench_query/score/mean@8,val-aux/shoppingbench_query/score/std@8,val-aux/shoppingbench_query/score/worst@2/mean,val-aux/shoppingbench_query/score/worst@2/std,val-aux/shoppingbench_query/score/worst@4/mean,val-aux/shoppingbench_query/score/worst@4/std,val-aux/shoppingbench_query/score/worst@8/mean,val-aux/shoppingbench_query/score/worst@8/std,val-aux/shoppingbench_query/server_error/best@2/mean,val-aux/shoppingbench_query/server_error/best@2/std,val-aux/shoppingbench_query/server_error/best@4/mean,val-aux/shoppingbench_query/server_error/best@4/std,val-aux/shoppingbench_query/server_error/best@8/mean,val-aux/shoppingbench_query/server_error/best@8/std,val-aux/shoppingbench_query/server_error/mean@8,val-aux/shoppingbench_query/server_error/std@8,val-aux/shoppingbench_query/server_error/worst@2/mean,val-aux/shoppingbench_query/server_error/worst@2/std,val-aux/shoppingbench_query/server_error/worst@4/mean,val-aux/shoppingbench_query/server_error/worst@4/std,val-aux/shoppingbench_query/server_error/worst@8/mean,val-aux/shoppingbench_query/server_error/worst@8/std,val-aux/shoppingbench_query/steps/best@2/mean,val-aux/shoppingbench_query/steps/best@2/std,val-aux/shoppingbench_query/steps/best@4/mean,val-aux/shoppingbench_query/steps/best@4/std,val-aux/shoppingbench_query/steps/best@8/mean,val-aux/shoppingbench_query/steps/best@8/std,val-aux/shoppingbench_query/steps/mean@8,val-aux/shoppingbench_query/steps/std@8,val-aux/shoppingbench_query/steps/worst@2/mean,val-aux/shoppingbench_query/steps/worst@2/std,val-aux/shoppingbench_query/steps/worst@4/mean,val-aux/shoppingbench_query/steps/worst@4/std,val-aux/shoppingbench_query/steps/worst@8/mean,val-aux/shoppingbench_query/steps/worst@8/std,val-aux/shoppingbench_query/terminal_asr/best@2/mean,val-aux/shoppingbench_query/terminal_asr/best@2/std,val-aux/shoppingbench_query/terminal_asr/best@4/mean,val-aux/shoppingbench_query/terminal_asr/best@4/std,val-aux/shoppingbench_query/terminal_asr/best@8/mean,val-aux/shoppingbench_query/terminal_asr/best@8/std,val-aux/shoppingbench_query/terminal_asr/mean@8,val-aux/shoppingbench_query/terminal_asr/std@8,val-aux/shoppingbench_query/terminal_asr/worst@2/mean,val-aux/shoppingbench_query/terminal_asr/worst@2/std,val-aux/shoppingbench_query/terminal_asr/worst@4/mean,val-aux/shoppingbench_query/terminal_asr/worst@4/std,val-aux/shoppingbench_query/terminal_asr/worst@8/mean,val-aux/shoppingbench_query/terminal_asr/worst@8/std,val-aux/shoppingbench_query/terminate_success/best@2/mean,val-aux/shoppingbench_query/terminate_success/best@2/std,val-aux/shoppingbench_query/terminate_success/best@4/mean,val-aux/shoppingbench_query/terminate_success/best@4/std,val-aux/shoppingbench_query/terminate_success/best@8/mean,val-aux/shoppingbench_query/terminate_success/best@8/std,val-aux/shoppingbench_query/terminate_success/mean@8,val-aux/shoppingbench_query/terminate_success/std@8,val-aux/shoppingbench_query/terminate_success/worst@2/mean,val-aux/shoppingbench_query/terminate_success/worst@2/std,val-aux/shoppingbench_query/terminate_success/worst@4/mean,val-aux/shoppingbench_query/terminate_success/worst@4/std,val-aux/shoppingbench_query/terminate_success/worst@8/mean,val-aux/shoppingbench_query/terminate_success/worst@8/std,val-aux/shoppingbench_query/title_embedding_cache_size/best@2/mean,val-aux/shoppingbench_query/title_embedding_cache_size/best@2/std,val-aux/shoppingbench_query/title_embedding_cache_size/best@4/mean,val-aux/shoppingbench_query/title_embedding_cache_size/best@4/std,val-aux/shoppingbench_query/title_embedding_cache_size/best@8/mean,val-aux/shoppingbench_query/title_embedding_cache_size/best@8/std,val-aux/shoppingbench_query/title_embedding_cache_size/mean@8,val-aux/shoppingbench_query/title_embedding_cache_size/std@8,val-aux/shoppingbench_query/title_embedding_cache_size/worst@2/mean,val-aux/shoppingbench_query/title_embedding_cache_size/worst@2/std,val-aux/shoppingbench_query/title_embedding_cache_size/worst@4/mean,val-aux/shoppingbench_query/title_embedding_cache_size/worst@4/std,val-aux/shoppingbench_query/title_embedding_cache_size/worst@8/mean,val-aux/shoppingbench_query/title_embedding_cache_size/worst@8/std,val-aux/shoppingbench_query/title_embedding_model_loaded/best@2/mean,val-aux/shoppingbench_query/title_embedding_model_loaded/best@2/std,val-aux/shoppingbench_query/title_embedding_model_loaded/best@4/mean,val-aux/shoppingbench_query/title_embedding_model_loaded/best@4/std,val-aux/shoppingbench_query/title_embedding_model_loaded/best@8/mean,val-aux/shoppingbench_query/title_embedding_model_loaded/best@8/std,val-aux/shoppingbench_query/title_embedding_model_loaded/mean@8,val-aux/shoppingbench_query/title_embedding_model_loaded/std@8,val-aux/shoppingbench_query/title_embedding_model_loaded/worst@2/mean,val-aux/shoppingbench_query/title_embedding_model_loaded/worst@2/std,val-aux/shoppingbench_query/title_embedding_model_loaded/worst@4/mean,val-aux/shoppingbench_query/title_embedding_model_loaded/worst@4/std,val-aux/shoppingbench_query/title_embedding_model_loaded/worst@8/mean,val-aux/shoppingbench_query/title_embedding_model_loaded/worst@8/std,val-aux/shoppingbench_query/title_embeddings_added/best@2/mean,val-aux/shoppingbench_query/title_embeddings_added/best@2/std,val-aux/shoppingbench_query/title_embeddings_added/best@4/mean,val-aux/shoppingbench_query/title_embeddings_added/best@4/std,val-aux/shoppingbench_query/title_embeddings_added/best@8/mean,val-aux/shoppingbench_query/title_embeddings_added/best@8/std,val-aux/shoppingbench_query/title_embeddings_added/mean@8,val-aux/shoppingbench_query/title_embeddings_added/std@8,val-aux/shoppingbench_query/title_embeddings_added/worst@2/mean,val-aux/shoppingbench_query/title_embeddings_added/worst@2/std,val-aux/shoppingbench_query/title_embeddings_added/worst@4/mean,val-aux/shoppingbench_query/title_embeddings_added/worst@4/std,val-aux/shoppingbench_query/title_embeddings_added/worst@8/mean,val-aux/shoppingbench_query/title_embeddings_added/worst@8/std,val-aux/shoppingbench_query/tool_valid/best@2/mean,val-aux/shoppingbench_query/tool_valid/best@2/std,val-aux/shoppingbench_query/tool_valid/best@4/mean,val-aux/shoppingbench_query/tool_valid/best@4/std,val-aux/shoppingbench_query/tool_valid/best@8/mean,val-aux/shoppingbench_query/tool_valid/best@8/std,val-aux/shoppingbench_query/tool_valid/mean@8,val-aux/shoppingbench_query/tool_valid/std@8,val-aux/shoppingbench_query/tool_valid/worst@2/mean,val-aux/shoppingbench_query/tool_valid/worst@2/std,val-aux/shoppingbench_query/tool_valid/worst@4/mean,val-aux/shoppingbench_query/tool_valid/worst@4/std,val-aux/shoppingbench_query/tool_valid/worst@8/mean,val-aux/shoppingbench_query/tool_valid/worst@8/std,val-aux/shoppingbench_query/workflow_valid/best@2/mean,val-aux/shoppingbench_query/workflow_valid/best@2/std,val-aux/shoppingbench_query/workflow_valid/best@4/mean,val-aux/shoppingbench_query/workflow_valid/best@4/std,val-aux/shoppingbench_query/workflow_valid/best@8/mean,val-aux/shoppingbench_query/workflow_valid/best@8/std,val-aux/shoppingbench_query/workflow_valid/mean@8,val-aux/shoppingbench_query/workflow_valid/std@8,val-aux/shoppingbench_query/workflow_valid/worst@2/mean,val-aux/shoppingbench_query/workflow_valid/worst@2/std,val-aux/shoppingbench_query/workflow_valid/worst@4/mean,val-aux/shoppingbench_query/workflow_valid/worst@4/std,val-aux/shoppingbench_query/workflow_valid/worst@8/mean,val-aux/shoppingbench_query/workflow_valid/worst@8/std,val-core/shoppingbench_query/reward/best@8/mean,val-core/shoppingbench_query/reward/best@8/std,val-core/shoppingbench_query/reward/mean@8
,,,,,,,1783749619.7380614,,,,,,,,,,,,,,,,,,,,,,,,,,,,,,,,,,,,,,,,,,,,,,,0,,,,,,,,,,,,,,,,,30.0,11.29296875,4.0,0.62825,0.2062297329074949,0.71171875,0.13614326241882035,0.763546875,0.07602974799601385,0.51953125,0.2514441449741853,0.408984375,0.22129668987837905,0.31784375,0.16178804138244274,0.25284375,0.09998682919912266,0.42696875,0.14916905418776294,0.488640625,0.09669116488654568,0.52334375,0.05300934528258258,0.34765625,0.18126573659598408,0.26679687500000004,0.15929093339581057,0.19951562500000003,0.11485049511939595,0.15484375,0.0663507055322209,0.5311959184478716,0.1383952156251929,0.594452201591811,0.09972697914678652,0.6367034719967533,0.0675504236564281,0.4533575289727634,0.16420887052358024,0.3752563397366523,0.13630390301812473,0.31149214240620493,0.09823339470763612,0.2689968702651515,0.05886203268491588,0.4004015128591779,0.1614853972323769,0.4717015638773529,0.11967106515497224,0.5232280259757605,0.07879410323119752,0.31784326091230514,0.18721735312763035,0.23434552572756462,0.15289920653332476,0.16985329115097889,0.10750982806273685,0.1246952224368735,0.0688175815927827,0.4070625,0.14986500242963618,0.47054687500000003,0.1003021847848487,0.506984375,0.05499294377385141,0.330078125,0.17529851025991355,0.251703125,0.14928231379617746,0.190671875,0.10279776164287119,0.151828125,0.057445377315022125,0.9998671875,0.001009929946131785,1.0,0.0,1.0,0.0,0.9990234375,0.0025837415147115144,0.9981875,0.0032977264895682305,0.996765625,0.003848034959154478,0.9947890625,0.0036819260706651546,0.003625,0.006595452979136461,0.00646875,0.007696069918308956,0.010421875,0.007363852141330309,0.001953125,0.005167483029423029,0.000265625,0.00201985989226357,0.0,0.0,0.0,0.0,0.126703125,0.17778621926556393,0.20492187499999998,0.19006276484853954,0.29603124999999997,0.16607178457376237,0.072265625,0.1471401360904899,0.018703125,0.070055114452011,0.0033750000000000004,0.01620114222083256,0.0004375,0.0030264105182724902,23691.89240625,5051.372962349722,26112.930609375,3772.5950042344366,27888.996546875,2411.827423893014,20891.478515625,5784.9610970601625,18128.546578125,4636.999475597631,16042.52240625,3121.5492305783655,14712.308468750001,1795.2511684447572,0.4070625,0.14986500242963618,0.47054687500000003,0.1003021847848487,0.506984375,0.05499294377385141,0.330078125,0.17529851025991355,0.251703125,0.14928231379617746,0.190671875,0.10279776164287119,0.151828125,0.057445377315022125,0.9369798159707012,0.05005255674759976,0.9591091357809207,0.030354963062509732,0.971911745936993,0.017036211149064964,0.903036966914812,0.06967701116857654,0.8688138986956349,0.06665933415124298,0.8352332406725113,0.05652196810724708,0.8073419944106435,0.03985905399436744,7353.955078125,1439.9276255119462,8029.481671875,1052.7964522466336,8511.53771875,651.2804036674685,6557.134765625,1667.5647308759567,5772.436562499999,1357.7364878889348,5167.554828125,928.9295865653544,4772.243828125,544.5053480417357,0.4070625,0.14986500242963618,0.47054687500000003,0.1003021847848487,0.17529851025991355,0.251703125,0.14928231379617746,0.190671875,0.10279776164287119,0.151828125,0.057445377315022125,128.0,0.0,128.0,0.0,128.0,0.0,128.0,0.0,128.0,0.0,128.0,0.0,128.0,0.0,4.27274655085057,0.0,4.27274655085057,0.0,4.27274655085057,0.0,4.27274655085057,0.0,4.27274655085057,0.0,4.27274655085057,0.0,4.27274655085057,0.0,0.6095276909722223,0.18693140801778185,0.6880485677083333,0.11427381782073591,0.7299038194444445,0.059344932391292016,0.5016520182291667,0.23739063748604278,0.3918261501736111,0.2156565673404496,0.2964891276041667,0.1608570245579777,0.2301736111111111,0.0954692383536772,0.4070625,0.14986500242963618,0.47054687500000003,0.1003021847848487,0.506984375,0.05499294377385141,0.330078125,0.17529851025991355,0.251703125,0.14928231379617746,0.190671875,0.10279776164287119,0.151828125,0.057445377315022125,0.0,0.0,0.0,0.0,0.0,0.0,0.0,0.0,0.0,0.0,0.0,0.0,0.0,0.0,6.239671875000001,1.2740198039494803,6.85171875,0.9880382147774722,7.3101875,0.6441660537348567,5.560546875,1.4094810754229772,4.886734375,1.0968748891423608,4.4041250000000005,0.7074789181321746,4.1157812499999995,0.38027255144378336,0.4070625,0.14986500242963618,0.47054687500000003,0.1003021847848487,0.506984375,0.05499294377385141,0.330078125,0.17529851025991355,0.251703125,0.14928231379617746,0.190671875,0.10279776164287119,0.151828125,0.057445377315022125,0.69140625,0.22051821891755746,0.777578125,0.13696530177079452,0.826984375,0.07306798921671129,0.5703125,0.2796084743005626,0.44709375,0.25597350343338726,0.33796875000000004,0.19502474074914306,0.258234375,0.1194428065613177,94.5,0.0,94.5,0.0,94.5,0.0,94.5,0.0,94.5,0.0,94.5,0.0,94.5,0.0,1.0,0.0,1.0,0.0,1.0,0.0,1.0,0.0,1.0,0.0,1.0,0.0,1.0,0.0,41.25,0.0,41.25,0.0,41.25,0.0,41.25,0.0,41.25,0.0,41.25,0.0,41.25,0.0,0.8740924444414025,0.09948417255076951,0.9182182715618414,0.060709926125019464,0.943823491873986,0.034072422298129915,0.8070504963296239,0.1372395292351352,0.7394402973912697,0.13053202014664686,0.6737008563450224,0.10959069449647359,0.6198949263212867,0.07620783711334453,0.9512499999999999,0.07744784643861001,0.977140625,0.03772964823088322,0.9892812500000001,0.018547835084587627,0.90234375,0.11840550081673032,0.85425,0.12206236887665634,0.7998125,0.11063713911292218,0.75084375,0.08191987008763474,0.506984375,0.05499294377385141,0.330078125
0.11137638241052628,0.79296875,1e-06,0.0018825983757980995,0.0,0.1859260352121459,-7.906906410223909e-05,1783750507.7517686,2.4748666286468506,-0.17915034294128418,-2.4748666286468506,2.4748666286468506,-0.17915034294128418,-2.4748666286468506,1.0,0.4453125,0.0,1.0,0.4453125,0.0,0.3333333333333333,32.0,49.0,7.0,624.2841774597764,96.0,3.0,40.0,768.0,42.43863097578287,515703.0,515702.0,564176.0,515702.25,474190.0,89986.0,30.0,10.921875,6.0,35.065406799316406,65.9795036315918,74.107421875,0.47623926932094773,2371.777892932144,217.43277544528246,2062809.0,0.0,1617.0,1540.65625,1502.0,0.05078125,10240.0,6517.19140625,2453.0,1,4.055389164859462e-06,0.3741811335882539,0.07276856888755291,0.008365493267774582,0.6628674603998661,624.2841774597764,66.58356983587146,42.43863642588258,,5.770474672317505e-06,217.43277544528246,1.3262033462524414e-06,,150.10765881836414,0.0,1.0,,,,,,,,,,,,,,,,,,,,,,,,,,,,,,,,,,,,,,,,,,,,,,,,,,,,,,,,,,,,,,,,,,,,,,,,,,,,,,,,,,,,,,,,,,,,,,,,,,,,,,,,,,,,,,,,,,,,,,,,,,,,,,,,,,,,,,,,,,,,,,,,,,,,,,,,,,,,,,,,,,,,,,,,,,,,,,,,,,,,,,,,,,,,,,,,,,,,,,,,,,,,,,,,,,,,,,,,,,,,,,,,,,,,,,,,,,,,,,,,,,,,,,,,,,,,,,,,,,,,,,,,,,,,,,,,,,,,,,,,,,,,,,,,,,,,,,,,,,,,,,,,,,,,,,,,,,,,,,,,,,,,,,,,,,,,,,,,,,,,,,,,,,,,,,,,,,,,,,,,,,,,,,,
0.1079125627875328,0.796875,1e-06,0.0018715607931223163,0.0,0.34072226759521884,-8.289971750894032e-05,1783751167.14566,2.4748666286468506,-0.20316757261753082,-2.4748666286468506,2.4748666286468506,-0.20316757261753082,-2.4748666286468506,1.0,0.41015625,0.0,1.0,0.41015625,0.0,0.5,32.0,25.0,3.0,444.0402544736862,64.0,2.0,36.0,512.0,18.57812087610364,524773.0,524772.0,587331.0,524772.5,484919.0,102412.0,30.0,11.3203125,4.0,37.86646270751953,65.9795036315918,74.107421875,0.4621252306746345,2687.6790039612106,195.25118112191558,2099090.0,0.0,1639.0,1543.59375,1491.0,0.0625,10240.0,6655.9765625,2309.0,2,3.96714338051342e-06,0.2605977091040631,0.0746835889120067,0.008327390998601913,0.6835330054163933,444.0402544736862,37.7784587033093,18.578125659376383,,3.9674341678619385e-06,195.25118112191558,1.3262033462524414e-06,,156.76757464930415,0.0,2.0,,,,,,,,,,,,,,,,,,,,,,,,,,,,,,,,,,,,,,,,,,,,,,,,,,,,,,,,,,,,,,,,,,,,,,,,,,,,,,,,,,,,,,,,,,,,,,,,,,,,,,,,,,,,,,,,,,,,,,,,,,,,,,,,,,,,,,,,,,,,,,,,,,,,,,,,,,,,,,,,,,,,,,,,,,,,,,,,,,,,,,,,,,,,,,,,,,,,,,,,,,,,,,,,,,,,,,,,,,,,,,,,,,,,,,,,,,,,,,,,,,,,,,,,,,,,,,,,,,,,,,,,,,,,,,,,,,,,,,,,,,,,,,,,,,,,,,,,,,,,,,,,,,,,,,,,,,,,,,,,,,,,,,,,,,,,,,,,,,,,,,,,,,,,,,,,,,,,,,,,,,,,,,,
0.10639113932847977,1.046875,1e-06,0.002320016467306034,1.546168578383715e-05,0.2867705809033435,0.0001954600817913635,1783751787.7062507,2.4748666286468506,-0.21747978031635284,-2.4748666286468506,2.4748666286468506,-0.21747978031635284,-2.4748666286468506,1.0,0.4921875,0.0,1.0,0.4921875,0.0,0.5,32.0,28.0,3.0,404.54787246882915,64.0,2.0,33.0,512.0,22.6516672372818,514443.0,514443.0,534542.0,514443.0,500259.0,34283.0,30.0,11.5234375,4.0,37.8208122253418,66.96401739120483,75.115234375,0.4562344903582793,2681.0483892474676,191.88128124177456,2057772.0,0.0,1598.0,1538.15625,1493.0,0.04296875,10240.0,6500.015625,2366.0,3,3.947626787983251e-06,0.24311712740403818,0.07502505287958149,0.008123315870761871,0.6831924095749855,404.54787246882915,36.791644636541605,22.651671931147575,,3.2298266887664795e-06,191.88128124177456,1.3336539268493652e-06,,154.38445311412215,0.0,3.0,,,,,,,,,,,,,,,,,,,,,,,,,,,,,,,,,,,,,,,,,,,,,,,,,,,,,,,,,,,,,,,,,,,,,,,,,,,,,,,,,,,,,,,,,,,,,,,,,,,,,,,,,,,,,,,,,,,,,,,,,,,,,,,,,,,,,,,,,,,,,,,,,,,,,,,,,,,,,,,,,,,,,,,,,,,,,,,,,,,,,,,,,,,,,,,,,,,,,,,,,,,,,,,,,,,,,,,,,,,,,,,,,,,,,,,,,,,,,,,,,,,,,,,,,,,,,,,,,,,,,,,,,,,,,,,,,,,,,,,,,,,,,,,,,,,,,,,,,,,,,,,,,,,,,,,,,,,,,,,,,,,,,,,,,,,,,,,,,,,,,,,,,,,,,,,,,,,,,,,,,,,,,,,
0.10413569211959839,0.87890625,1e-06,0.0019326522900276661,0.0,0.2331606304893891,-0.00021512485467075257,1783752449.497503,2.4748666286468506,-0.30647212266921997,-2.4748666286468506,2.4748666286468506,-0.30647212266921997,-2.4748666286468506,1.0,0.44140625,0.0,1.0,0.44140625,0.0,0.5,32.0,28.0,2.0,436.17328081279993,64.0,2.0,34.0,512.0,25.731935173273087,539993.0,539991.0,574235.0,539992.0,503372.0,70863.0,30.0,11.8671875,2.0,36.2027473449707,66.96401739120483,75.115234375,0.4718650407977799,2724.3578896377603,198.2089071534574,2159968.0,0.0,1610.0,1537.5,1489.0,0.0546875,10240.0,6899.875,2459.0,4,3.849770303393232e-06,0.2469322818420623,0.07354067310927481,0.008315380662679672,0.7074032537639141,436.17328081279993,38.62931777909398,25.73193971812725,,3.155320882797241e-06,198.2089071534574,1.4454126358032227e-06,,158.84550061449409,0.0,4.0,,,,,,,,,,,,,,,,,,,,,,,,,,,,,,,,,,,,,,,,,,,,,,,,,,,,,,,,,,,,,,,,,,,,,,,,,,,,,,,,,,,,,,,,,,,,,,,,,,,,,,,,,,,,,,,,,,,,,,,,,,,,,,,,,,,,,,,,,,,,,,,,,,,,,,,,,,,,,,,,,,,,,,,,,,,,,,,,,,,,,,,,,,,,,,,,,,,,,,,,,,,,,,,,,,,,,,,,,,,,,,,,,,,,,,,,,,,,,,,,,,,,,,,,,,,,,,,,,,,,,,,,,,,,,,,,,,,,,,,,,,,,,,,,,,,,,,,,,,,,,,,,,,,,,,,,,,,,,,,,,,,,,,,,,,,,,,,,,,,,,,,,,,,,,,,,,,,,,,,,,,,,,,,
0.10517936944961548,1.392578125,1e-06,0.002179547334724868,0.0,0.0850217579440637,-0.00013320391210734007,1783753399.6328514,2.4748666286468506,-0.25436508655548096,-2.4748666286468506,2.4748666286468506,-0.25436508655548096,-2.4748666286468506,1.0,0.46484375,0.0,1.0,0.46484375,0.0,0.3333333333333333,32.0,41.0,8.0,725.0101576186717,96.0,3.0,47.0,768.0,38.37402120232582,516200.0,516199.0,617610.0,516199.25,446008.0,171602.0,30.0,11.609375,4.0,38.59237289428711,66.96401739120483,75.162109375,0.48250439437485515,2798.6701827610805,184.44447408616543,2064797.0,0.0,1608.0,1535.46875,1499.0,0.05078125,10240.0,6530.14453125,1790.0,5,3.966195039752282e-06,0.4336919213112457,0.07104017556198938,0.008189387619495392,0.7034498006105423,725.0101576186717,37.03591352328658,38.37402654439211,,3.8370490074157715e-06,184.44447408616543,1.4416873455047607e-06,,146.68354137986898,0.0,5.0,,,,,,,,,,,,,,,,,,,,,,,,,,,,,,,,,,,,,,,,,,,,,,,,,,,,,,,,,,,,,,,,,,,,,,,,,,,,,,,,,,,,,,,,,,,,,,,,,,,,,,,,,,,,,,,,,,,,,,,,,,,,,,,,,,,,,,,,,,,,,,,,,,,,,,,,,,,,,,,,,,,,,,,,,,,,,,,,,,,,,,,,,,,,,,,,,,,,,,,,,,,,,,,,,,,,,,,,,,,,,,,,,,,,,,,,,,,,,,,,,,,,,,,,,,,,,,,,,,,,,,,,,,,,,,,,,,,,,,,,,,,,,,,,,,,,,,,,,,,,,,,,,,,,,,,,,,,,,,,,,,,,,,,,,,,,,,,,,,,,,,,,,,,,,,,,,,,,,,,,,,,,,,,
0.1099310889840126,0.853515625,1e-06,0.0020087151788175106,0.0,0.3134781708319982,-0.00010710866982764048,1783754050.3918772,2.4748666286468506,-0.24619679152965546,-2.4748666286468506,2.4748666286468506,-0.24619679152965546,-2.4748666286468506,1.0,0.44921875,0.0,1.0,0.44921875,0.0,0.5,32.0,25.0,3.0,444.84822588413954,64.0,2.0,36.0,512.0,18.399195563048124,514741.0,514741.0,546332.0,514741.0,491487.0,54845.0,30.0,11.5078125,4.0,37.9097900390625,66.96401739120483,85.46875,0.4760070577481865,2767.6531232592565,185.98465092107654,2058964.0,0.0,1618.0,1535.46875,1512.0,0.04296875,10240.0,6507.359375,2417.0,6,3.980250078088007e-06,0.26703433485413125,0.07212770666175855,0.008195191621780396,0.7026107832789421,444.84822588413954,36.75173023715615,18.399199988693,,3.341585397720337e-06,185.98465092107654,1.3522803783416748e-06,,148.50835141912103,0.0,6.0,,,,,,,,,,,,,,,,,,,,,,,,,,,,,,,,,,,,,,,,,,,,,,,,,,,,,,,,,,,,,,,,,,,,,,,,,,,,,,,,,,,,,,,,,,,,,,,,,,,,,,,,,,,,,,,,,,,,,,,,,,,,,,,,,,,,,,,,,,,,,,,,,,,,,,,,,,,,,,,,,,,,,,,,,,,,,,,,,,,,,,,,,,,,,,,,,,,,,,,,,,,,,,,,,,,,,,,,,,,,,,,,,,,,,,,,,,,,,,,,,,,,,,,,,,,,,,,,,,,,,,,,,,,,,,,,,,,,,,,,,,,,,,,,,,,,,,,,,,,,,,,,,,,,,,,,,,,,,,,,,,,,,,,,,,,,,,,,,,,,,,,,,,,,,,,,,,,,,,,,,,,,,,,
0.111277274787426,0.892578125,1e-06,0.002093349236846817,1.644520406526598e-05,0.22844971022145313,-0.00016413102143401787,1783755276.2012858,2.4748666286468506,-0.22897306084632874,-2.4748666286468506,2.4748666286468506,-0.22897306084632874,-2.4748666286468506,1.0,0.44140625,0.0,1.0,0.44140625,0.0,0.3333333333333333,32.0,47.0,9.0,1006.0355549119413,96.0,3.0,40.0,768.0,32.651068307459354,516909.0,516908.0,542091.0,516908.25,497493.0,44598.0,30.0,11.9140625,6.0,38.30901336669922,67.02758884429932,85.46875,0.4854188316707021,2800.2577975562263,184.59309369698167,2067633.0,0.0,1584.0,1533.25,1505.0,0.04296875,10240.0,6543.44140625,2060.0,7,4.2017544579274736e-06,0.6005748569279122,0.0709521622598819,0.008687686175107956,0.7104574218392372,1006.0355549119413,37.156880259513855,32.651075676083565,,3.3155083656311035e-06,184.59309369698167,1.3485550880432129e-06,,146.7030321098864,0.0,7.0,,,,,,,,,,,,,,,,,,,,,,,,,,,,,,,,,,,,,,,,,,,,,,,,,,,,,,,,,,,,,,,,,,,,,,,,,,,,,,,,,,,,,,,,,,,,,,,,,,,,,,,,,,,,,,,,,,,,,,,,,,,,,,,,,,,,,,,,,,,,,,,,,,,,,,,,,,,,,,,,,,,,,,,,,,,,,,,,,,,,,,,,,,,,,,,,,,,,,,,,,,,,,,,,,,,,,,,,,,,,,,,,,,,,,,,,,,,,,,,,,,,,,,,,,,,,,,,,,,,,,,,,,,,,,,,,,,,,,,,,,,,,,,,,,,,,,,,,,,,,,,,,,,,,,,,,,,,,,,,,,,,,,,,,,,,,,,,,,,,,,,,,,,,,,,,,,,,,,,,,,,,,,,,
0.10706839710474014,0.794921875,1e-06,0.0019887937914307525,0.0,0.25368788738439724,-4.111925404797104e-05,1783756174.902258,2.4748666286468506,-0.2978726625442505,-2.4748666286468506,2.4748666286468506,-0.2978726625442505,-2.4748666286468506,1.0,0.54296875,0.0,1.0,0.54296875,0.0,0.3333333333333333,32.0,50.0,6.0,695.2294384948909,96.0,3.0,40.0,768.0,31.76066806167364,461958.0,461958.0,482548.0,461958.0,451504.0,31044.0,30.0,10.0,4.0,38.340396881103516,67.02758884429932,85.46875,0.4520620519534219,2726.959230242714,169.4040728136897,1847832.0,0.0,1603.0,1534.84375,1493.0,0.03125,10240.0,5683.25,2332.0,8,4.725875702974243e-06,0.4778498208103933,0.07346935305946158,0.008732624351978302,0.7030472606420517,695.2294384948909,32.919237688183784,31.760674469172955,,4.14624810218811e-06,169.4040728136897,1.30385160446167e-06,,135.759021602571,0.0,8.0,,,,,,,,,,,,,,,,,,,,,,,,,,,,,,,,,,,,,,,,,,,,,,,,,,,,,,,,,,,,,,,,,,,,,,,,,,,,,,,,,,,,,,,,,,,,,,,,,,,,,,,,,,,,,,,,,,,,,,,,,,,,,,,,,,,,,,,,,,,,,,,,,,,,,,,,,,,,,,,,,,,,,,,,,,,,,,,,,,,,,,,,,,,,,,,,,,,,,,,,,,,,,,,,,,,,,,,,,,,,,,,,,,,,,,,,,,,,,,,,,,,,,,,,,,,,,,,,,,,,,,,,,,,,,,,,,,,,,,,,,,,,,,,,,,,,,,,,,,,,,,,,,,,,,,,,,,,,,,,,,,,,,,,,,,,,,,,,,,,,,,,,,,,,,,,,,,,,,,,,,,,,,,,
0.11921902000904083,0.865234375,1e-06,0.0019180214135717092,0.0,0.17611697697165338,-4.5499795884428416e-05,1783756995.040181,2.4748666286468506,-0.1857495754957199,-2.4748666286468506,2.4748666286468506,-0.1857495754957199,-2.4748666286468506,1.0,0.4921875,0.0,1.0,0.4921875,0.0,0.3333333333333333,32.0,49.0,6.0,594.3016333915293,96.0,3.0,41.0,768.0,37.75685275346041,511228.0,511227.0,545975.0,511227.25,472622.0,73353.0,30.0,11.1015625,6.0,37.86676788330078,67.02758884429932,85.46875,0.47225104069579715,2752.273775685308,185.74723725393414,2044909.0,0.0,1655.0,1531.53125,1491.0,0.06640625,10240.0,6456.39453125,2090.0,9,4.036827691681011e-06,0.35956457496506267,0.07247976444427418,0.008254945278167725,0.6985085159540176,594.3016333915293,36.812220465391874,37.756858598440886,,4.7050416469573975e-06,185.74723725393414,1.2628734111785889e-06,,148.21452262997627,0.0,9.0,,,,,,,,,,,,,,,,,,,,,,,,,,,,,,,,,,,,,,,,,,,,,,,,,,,,,,,,,,,,,,,,,,,,,,,,,,,,,,,,,,,,,,,,,,,,,,,,,,,,,,,,,,,,,,,,,,,,,,,,,,,,,,,,,,,,,,,,,,,,,,,,,,,,,,,,,,,,,,,,,,,,,,,,,,,,,,,,,,,,,,,,,,,,,,,,,,,,,,,,,,,,,,,,,,,,,,,,,,,,,,,,,,,,,,,,,,,,,,,,,,,,,,,,,,,,,,,,,,,,,,,,,,,,,,,,,,,,,,,,,,,,,,,,,,,,,,,,,,,,,,,,,,,,,,,,,,,,,,,,,,,,,,,,,,,,,,,,,,,,,,,,,,,,,,,,,,,,,,,,,,,,,,,
0.11184810101985931,0.8125,1e-06,0.0020632949565688886,0.0,-0.009942173784555391,-8.0140104495682e-08,1783757579.7200449,2.4748666286468506,-0.18966864049434662,-2.4748666286468506,2.4748666286468506,-0.18966864049434662,-2.4748666286468506,1.0,0.4609375,0.0,1.0,0.4609375,0.0,0.5,32.0,26.0,6.0,382.0065459571779,64.0,2.0,32.0,512.0,20.917447946965694,495665.0,495664.0,544534.0,495664.5,410371.0,134163.0,30.0,10.6875,4.0,37.66273498535156,67.02758884429932,85.46875,0.46486635594866205,2750.6230148208933,180.20081171765924,1982658.0,0.0,1618.0,1539.34375,1494.0,0.03515625,10240.0,6205.4140625,2294.0,10,4.154755265661927e-06,0.24046954080998945,0.07262757641140637,0.008237458765506744,0.6909036301076412,382.0065459571779,35.49215465039015,20.917452432215214,,3.9227306842803955e-06,180.20081171765924,1.255422830581665e-06,,143.99564539268613,0.0,10.0,,,,,,,,,,,,,,,,,,,,,,,,,,,,,,,,,,,,,,,,,,,,,,,,,,,,,,,,,,,,,,,,,,,,,,,,,,,,,,,,,,,,,,,,,,,,,,,,,,,,,,,,,,,,,,,,,,,,,,,,,,,,,,,,,,,,,,,,,,,,,,,,,,,,,,,,,,,,,,,,,,,,,,,,,,,,,,,,,,,,,,,,,,,,,,,,,,,,,,,,,,,,,,,,,,,,,,,,,,,,,,,,,,,,,,,,,,,,,,,,,,,,,,,,,,,,,,,,,,,,,,,,,,,,,,,,,,,,,,,,,,,,,,,,,,,,,,,,,,,,,,,,,,,,,,,,,,,,,,,,,,,,,,,,,,,,,,,,,,,,,,,,,,,,,,,,,,,,,,,,,,,,,,,
0.10560835897922516,0.703125,1e-06,0.0021354027785269953,0.0,0.2590228786192289,0.0002150005858289305,1783758843.1790838,2.4748666286468506,-0.24526064097881317,-2.4748666286468506,2.4748666286468506,-0.24526064097881317,-2.4748666286468506,1.0,0.5234375,0.0,1.0,0.5234375,0.0,0.3333333333333333,32.0,48.0,4.0,556.9302398003638,96.0,3.0,44.0,768.0,40.09843571484089,489104.0,489103.0,562183.0,489103.25,452264.0,109919.0,30.0,10.4453125,4.0,37.94725036621094,67.36231708526611,85.46875,0.4772815204654387,736.5102640721749,664.0820554159582,1956413.0,0.0,1649.0,1542.40625,1487.0,0.08203125,10240.0,6099.83203125,2276.0,11,4.245102321065075e-06,0.3566505992418873,0.07047873211846392,0.008305173367261887,0.6943169087171555,556.9302398003638,35.00795203819871,40.098442796617746,,3.98978590965271e-06,664.0820554159582,1.5124678611755371e-06,490.4703174419701,137.88550774008036,0.0,11.0,30.0,11.76171875,6.0,0.616328125,0.23474560448347226,0.710328125,0.172813021998317,0.7776562499999999,0.11010851751673287,0.5,0.2674393143393756,0.38378125,0.22109417940158868,0.294515625,0.15054772896665797,0.238796875,0.0797082472660175,0.3908125,0.15074671896017555,0.45376562499999995,0.11923647078458638,0.503375,0.07859794840851521,0.3203125,0.1660131983124784,0.24959375000000003,0.13239899817347228,0.19996874999999997,0.08783600166009338,0.16678125,0.05085459324448963,0.50895104425956,0.13006183920364317,0.571087674738456,0.09244350032088021,0.6124615468299062,0.055621856083331214,0.43207001657196975,0.1561085542772204,0.3549944809704185,0.1320240490732757,0.2919817621527778,0.09665532834829789,0.2491234851866883,0.06006956686022981,0.372404165268708,0.1588766759871148,0.444373139020268,0.11769652444570378,0.49607554566527223,0.07380413114368209,0.28854505027945404,0.18138804093073901,0.2047344216975835,0.14674751565965266,0.14192572231269038,0.10103694473431893,0.1015701994120055,0.058688103707379966,0.381,0.14388334927827073,0.438734375,0.11243610217031819,0.48534374999999996,0.07678417936148704,0.3125,0.1628165174371926,0.24403125,0.13337301896565623,0.1930625,0.09427950696535159,0.15625,0.05817876928603178,1.0,0.0,1.0,0.0,1.0,0.0,1.0,0.0,1.0,0.0,1.0,0.0,1.0,0.0,0.0,0.0,0.0,0.0,0.0,0.0,0.0,0.0,0.0,0.0,0.0,0.0,0.0,0.0,0.121640625,0.1385830520508014,0.182796875,0.13652887077246023,0.24570312500000002,0.10871417008096379,0.072265625,0.12142527185510568,0.024046875000000002,0.06760093705140087,0.004906250000000001,0.022049884575713066,0.0005,0.004642567480146924,24694.92196875,5143.223448808254,27118.678109375,3755.141236707956,28822.029296875,2372.7219683638914,21642.681640625,6212.16654251878,18595.6549375,5214.230340901429,16178.654515625,3816.769904577465,14481.737625,2452.1292146699443,0.381,0.14388334927827073,0.438734375,0.11243610217031819,0.48534374999999996,0.07678417936148704,0.3125,0.1628165174371926,0.24403125,0.13337301896565623,0.1930625,0.09427950696535159,0.15625,0.05817876928603178,0.9312149627543872,0.05221354578032306,0.9545035974678151,0.030045605367004152,0.9670421111765838,0.01616890562597304,0.8936879254132816,0.07456790176195727,0.8563441455590468,0.07175560552392365,0.8197466019466134,0.060126951540685154,0.7905196554485905,0.04161418023395984,7599.9595312500005,1412.2600483458798,8241.945375,986.7567946984746,8672.30625,605.3914744171357,6754.3125,1752.7279529493017,5910.967578125001,1510.5234661463483,5214.6090625,1122.996605739594,4716.4197968749995,726.0459440655411,0.381,0.14388334927827073,0.438734375,0.11243610217031819,0.1628165174371926,0.24403125,0.13337301896565623,0.1930625,0.09427950696535159,0.15625,0.05817876928603178,128.0,0.0,128.0,0.0,128.0,0.0,128.0,0.0,128.0,0.0,128.0,0.0,128.0,0.0,1.7947907922789454,0.0,1.7947907922789454,0.0,1.7947907922789454,0.0,1.7947907922789454,0.0,1.7947907922789454,0.0,1.7947907922789454,0.0,1.7947907922789454,0.0,0.5899269097222222,0.2167282092875813,0.6818061197916667,0.15592530488163228,0.7444446180555556,0.096348072058139,0.4760850694444444,0.2518982725612601,0.3615543619791667,0.20987825739212568,0.2743933159722223,0.14459507087227647,0.2190800998263889,0.07871664072605705,0.381,0.14388334927827073,0.438734375,0.11243610217031819,0.48534374999999996,0.07678417936148704,0.3125,0.1628165174371926,0.24403125,0.13337301896565623,0.1930625,0.09427950696535159,0.15625,0.05817876928603178,0.0,0.0,0.0,0.0,0.0,0.0,0.0,0.0,0.0,0.0,0.0,0.0,0.0,0.0,6.5532031250000005,1.391707198571615,7.223968750000001,1.1160711952264586,7.74415625,0.766357752250826,5.791015625,1.5596059377563252,5.02525,1.2174360688579746,4.481062499999999,0.8416480543298108,4.1221875,0.5296962415404898,0.381,0.14388334927827073,0.438734375,0.11243610217031819,0.48534374999999996,0.07678417936148704,0.3125,0.1628165174371926,0.24403125,0.13337301896565623,0.1930625,0.09427950696535159,0.15625,0.05817876928603178,0.6796718749999999,0.2608906838587366,0.78334375,0.18653596543852718,0.85415625,0.11448551672271896,0.546875,0.3028112670115166,0.41342187499999994,0.2542242098780677,0.30937499999999996,0.17592308228762302,0.24329687500000002,0.09354795802811125,214.5,0.0,214.5,0.0,214.5,0.0,214.5,0.0,214.5,0.0,214.5,0.0,214.5,0.0,1.0,0.0,1.0,0.0,1.0,0.0,1.0,0.0,1.0,0.0,1.0,0.0,1.0,0.0,16.25,0.0,16.25,0.0,16.25,0.0,16.25,0.0,16.25,0.0,16.25,0.0,16.25,0.0,0.8624299255087743,0.10442709156064614,0.9090071949356301,0.0600912107340083,0.9340842223531678,0.032337811251946076,0.7873758508265631,0.14913580352391453,0.7126882911180935,0.1435112110478473,0.6394932038932268,0.12025390308137031,0.5810393108971809,0.08322836046791965,0.956234375,0.07318097010804069,0.9765,0.02258127048413231,0.982421875,0.007854975976147892,0.904296875,0.13286356572336938,0.85303125,0.15147036318411156,0.783578125,0.1507205712400132,0.713125,0.12143788604150398,0.48534374999999996,0.07678417936148704,0.3125
0.11127524077892303,0.802734375,1e-06,0.0022148611989417453,0.0,0.22794752365841373,-4.453739299007305e-05,1783759393.0148118,2.4748666286468506,-0.2982628047466278,-2.4748666286468506,2.4748666286468506,-0.2982628047466278,-2.4748666286468506,1.0,0.5078125,0.0,1.0,0.5078125,0.0,0.5,32.0,29.0,3.0,360.40416644886136,64.0,2.0,32.0,512.0,13.45435007661581,478150.0,478149.0,490629.0,478149.5,455825.0,34804.0,30.0,10.6640625,4.0,39.87498092651367,67.36231708526611,85.46875,0.4662910439308759,2779.5991646682432,172.02102593705058,1912598.0,0.0,1610.0,1530.375,1497.0,0.046875,10240.0,5940.7109375,2084.0,12,4.492614032131702e-06,0.23697984803537914,0.07164811478205059,0.00859256461262703,0.7024102993309498,360.40416644886136,34.23609522730112,13.454356357455254,,5.532056093215942e-06,172.02102593705058,1.3932585716247559e-06,,137.03404103592038,1.0,12.0,,,,,,,,,,,,,,,,,,,,,,,,,,,,,,,,,,,,,,,,,,,,,,,,,,,,,,,,,,,,,,,,,,,,,,,,,,,,,,,,,,,,,,,,,,,,,,,,,,,,,,,,,,,,,,,,,,,,,,,,,,,,,,,,,,,,,,,,,,,,,,,,,,,,,,,,,,,,,,,,,,,,,,,,,,,,,,,,,,,,,,,,,,,,,,,,,,,,,,,,,,,,,,,,,,,,,,,,,,,,,,,,,,,,,,,,,,,,,,,,,,,,,,,,,,,,,,,,,,,,,,,,,,,,,,,,,,,,,,,,,,,,,,,,,,,,,,,,,,,,,,,,,,,,,,,,,,,,,,,,,,,,,,,,,,,,,,,,,,,,,,,,,,,,,,,,,,,,,,,,,,,,,,,
0.11174995452165604,0.771484375,1e-06,0.001978977638910609,1.4020525585775348e-05,0.1568735557692972,7.919679906494407e-05,1783760240.4043536,2.4748666286468506,-0.27347424626350403,-2.4748666286468506,2.4748666286468506,-0.27347424626350403,-2.4748666286468506,1.0,0.484375,0.0,1.0,0.484375,0.0,0.3333333333333333,32.0,50.0,5.0,641.4851695373654,96.0,3.0,41.0,768.0,21.23046002164483,494722.0,494721.0,533222.0,494721.5,443653.0,89569.0,30.0,11.171875,2.0,39.23756408691406,67.36231708526611,88.16796875,0.45940810413546046,2711.909157030671,182.42554280161858,1978886.0,0.0,1617.0,1533.0625,1502.0,0.03125,10240.0,6196.9609375,2112.0,13,4.237499218752222e-06,0.4043597287086068,0.07390472520284272,0.00838552787899971,0.7021544091403484,641.4851695373654,35.452178210020065,21.230465326458216,,4.246830940246582e-06,182.42554280161858,1.3113021850585938e-06,,146.24902603775263,1.0,13.0,,,,,,,,,,,,,,,,,,,,,,,,,,,,,,,,,,,,,,,,,,,,,,,,,,,,,,,,,,,,,,,,,,,,,,,,,,,,,,,,,,,,,,,,,,,,,,,,,,,,,,,,,,,,,,,,,,,,,,,,,,,,,,,,,,,,,,,,,,,,,,,,,,,,,,,,,,,,,,,,,,,,,,,,,,,,,,,,,,,,,,,,,,,,,,,,,,,,,,,,,,,,,,,,,,,,,,,,,,,,,,,,,,,,,,,,,,,,,,,,,,,,,,,,,,,,,,,,,,,,,,,,,,,,,,,,,,,,,,,,,,,,,,,,,,,,,,,,,,,,,,,,,,,,,,,,,,,,,,,,,,,,,,,,,,,,,,,,,,,,,,,,,,,,,,,,,,,,,,,,,,,,,,,
0.10209501534700394,0.87109375,1e-06,0.0021498812918758227,0.0,0.22046719325913322,0.0001953093197698763,1783760905.5789285,2.4748666286468506,-0.22478853166103363,-2.4748666286468506,2.4748666286468506,-0.22478853166103363,-2.4748666286468506,1.0,0.4609375,0.0,1.0,0.4609375,0.0,0.5,32.0,28.0,4.0,465.29327143728733,64.0,2.0,32.0,512.0,9.77542196214199,519886.0,519885.0,548264.0,519885.5,466304.0,81960.0,30.0,11.15625,4.0,40.279075622558594,67.36231708526611,88.16796875,0.4751909682662402,2758.6258018002363,188.4581445083022,2079542.0,0.0,1620.0,1537.71875,1498.0,0.05078125,10240.0,6585.4921875,2279.0,14,4.06998420609583e-06,0.2759933183129152,0.07227974097193242,0.008463703095912933,0.7466727755963802,465.29327143728733,37.379564836621284,9.775427926331758,,4.287809133529663e-06,188.4581445083022,1.2293457984924316e-06,,150.3087571002543,1.0,14.0,,,,,,,,,,,,,,,,,,,,,,,,,,,,,,,,,,,,,,,,,,,,,,,,,,,,,,,,,,,,,,,,,,,,,,,,,,,,,,,,,,,,,,,,,,,,,,,,,,,,,,,,,,,,,,,,,,,,,,,,,,,,,,,,,,,,,,,,,,,,,,,,,,,,,,,,,,,,,,,,,,,,,,,,,,,,,,,,,,,,,,,,,,,,,,,,,,,,,,,,,,,,,,,,,,,,,,,,,,,,,,,,,,,,,,,,,,,,,,,,,,,,,,,,,,,,,,,,,,,,,,,,,,,,,,,,,,,,,,,,,,,,,,,,,,,,,,,,,,,,,,,,,,,,,,,,,,,,,,,,,,,,,,,,,,,,,,,,,,,,,,,,,,,,,,,,,,,,,,,,,,,,,,,
0.12134508043527603,0.84765625,1e-06,0.0020326136589227687,1.5894208835171802e-05,0.15000691202779612,-0.00026091159012745874,1783761774.7713442,2.4748666286468506,-0.19513091444969177,-2.4748666286468506,2.4748666286468506,-0.19513091444969177,-2.4748666286468506,1.0,0.546875,0.0,1.0,0.546875,0.0,0.3333333333333333,32.0,48.0,6.0,678.3017977289855,96.0,3.0,42.0,768.0,15.165448512881994,482143.0,482142.0,521590.0,482142.5,425655.0,95935.0,30.0,11.1796875,6.0,38.07984161376953,67.36231708526611,88.16796875,0.468167688405741,2783.169081135876,173.23507338017225,1928570.0,0.0,1592.0,1529.25,1502.0,0.02734375,10240.0,6004.2265625,2071.0,15,4.388804452592368e-06,0.44129187494810657,0.07165983737519803,0.008464116603136063,0.71264773234725,678.3017977289855,34.298923317343,15.16545333340764,,3.7066638469696045e-06,173.23507338017225,1.3075768947601318e-06,,138.20101256668568,1.0,15.0,,,,,,,,,,,,,,,,,,,,,,,,,,,,,,,,,,,,,,,,,,,,,,,,,,,,,,,,,,,,,,,,,,,,,,,,,,,,,,,,,,,,,,,,,,,,,,,,,,,,,,,,,,,,,,,,,,,,,,,,,,,,,,,,,,,,,,,,,,,,,,,,,,,,,,,,,,,,,,,,,,,,,,,,,,,,,,,,,,,,,,,,,,,,,,,,,,,,,,,,,,,,,,,,,,,,,,,,,,,,,,,,,,,,,,,,,,,,,,,,,,,,,,,,,,,,,,,,,,,,,,,,,,,,,,,,,,,,,,,,,,,,,,,,,,,,,,,,,,,,,,,,,,,,,,,,,,,,,,,,,,,,,,,,,,,,,,,,,,,,,,,,,,,,,,,,,,,,,,,,,,,,,,,
0.10785115510225296,0.84765625,1e-06,0.002369337984072488,0.0,0.06273121091847618,6.485464438723976e-05,1783762353.4422126,2.4748666286468506,-0.22722294926643372,-2.4748666286468506,2.4748666286468506,-0.22722294926643372,-2.4748666286468506,1.0,0.51171875,0.0,1.0,0.51171875,0.0,0.5,32.0,27.0,3.0,374.70243863388896,64.0,2.0,34.0,512.0,25.537178594619036,482394.0,482393.0,510285.0,482393.5,408022.0,102263.0,30.0,10.65625,4.0,40.398738861083984,67.36231708526611,88.16796875,0.4588075792734232,2726.144737327336,176.9508028663695,1929574.0,0.0,1655.0,1538.125,1501.0,0.0546875,10240.0,5999.2734375,2382.0,16,4.378732705805565e-06,0.24397644417480824,0.07345764357105734,0.008449088782072067,0.7023694105446339,374.70243863388896,34.48342464864254,25.53718400374055,,3.3974647521972656e-06,176.9508028663695,1.2889504432678223e-06,,141.7419591359794,1.0,16.0,,,,,,,,,,,,,,,,,,,,,,,,,,,,,,,,,,,,,,,,,,,,,,,,,,,,,,,,,,,,,,,,,,,,,,,,,,,,,,,,,,,,,,,,,,,,,,,,,,,,,,,,,,,,,,,,,,,,,,,,,,,,,,,,,,,,,,,,,,,,,,,,,,,,,,,,,,,,,,,,,,,,,,,,,,,,,,,,,,,,,,,,,,,,,,,,,,,,,,,,,,,,,,,,,,,,,,,,,,,,,,,,,,,,,,,,,,,,,,,,,,,,,,,,,,,,,,,,,,,,,,,,,,,,,,,,,,,,,,,,,,,,,,,,,,,,,,,,,,,,,,,,,,,,,,,,,,,,,,,,,,,,,,,,,,,,,,,,,,,,,,,,,,,,,,,,,,,,,,,,,,,,,,,
0.11063358187675476,0.751953125,1e-06,0.0025363174394111743,0.0,0.22563951439224184,7.036737389915453e-05,1783762902.4642682,2.4748666286468506,-0.2540011703968048,-2.4748666286468506,2.4748666286468506,-0.2540011703968048,-2.4748666286468506,1.0,0.5390625,0.0,1.0,0.5390625,0.0,0.5,32.0,20.0,4.0,355.67384469881654,64.0,2.0,40.0,512.0,9.989963054656982,483852.0,483851.0,511072.0,483851.25,457291.0,53781.0,30.0,10.4296875,4.0,38.8385009765625,67.36231708526611,88.16796875,0.4446295885799626,2662.1837197860677,181.74975919350982,1935405.0,0.0,1603.0,1535.5,1505.0,0.03515625,10240.0,6024.67578125,1961.0,17,4.553998752299634e-06,0.23061007866658834,0.07555718901211082,0.008813831955194473,0.7323022037744522,355.67384469881654,34.76036862656474,9.98996851593256,,3.5874545574188232e-06,181.74975919350982,1.3634562492370605e-06,,146.23376139998436,1.0,17.0,,,,,,,,,,,,,,,,,,,,,,,,,,,,,,,,,,,,,,,,,,,,,,,,,,,,,,,,,,,,,,,,,,,,,,,,,,,,,,,,,,,,,,,,,,,,,,,,,,,,,,,,,,,,,,,,,,,,,,,,,,,,,,,,,,,,,,,,,,,,,,,,,,,,,,,,,,,,,,,,,,,,,,,,,,,,,,,,,,,,,,,,,,,,,,,,,,,,,,,,,,,,,,,,,,,,,,,,,,,,,,,,,,,,,,,,,,,,,,,,,,,,,,,,,,,,,,,,,,,,,,,,,,,,,,,,,,,,,,,,,,,,,,,,,,,,,,,,,,,,,,,,,,,,,,,,,,,,,,,,,,,,,,,,,,,,,,,,,,,,,,,,,,,,,,,,,,,,,,,,,,,,,,,
0.10986436903476715,0.794921875,1e-06,0.0025186155419146946,1.6116294847411473e-05,0.28674302934560664,0.00018098346862284098,1783763744.0839727,2.4748666286468506,-0.20776692032814026,-2.4748666286468506,2.4748666286468506,-0.20776692032814026,-2.4748666286468506,1.0,0.4453125,0.0,1.0,0.4453125,0.0,0.3333333333333333,32.0,42.0,5.0,640.7989718280733,96.0,3.0,49.0,768.0,19.155208688229322,491995.0,491994.0,533343.0,491994.25,449041.0,84302.0,30.0,10.8125,6.0,40.19245529174805,67.36231708526611,88.16796875,0.46414084142125916,2742.1279675643004,179.42060174420476,1967977.0,0.0,1575.0,1530.34375,1497.0,0.046875,10240.0,6157.06640625,1724.0,18,4.320399128148823e-06,0.40654441880998854,0.07288346241717754,0.008502446115016937,0.7006128579378128,640.7989718280733,35.26360076293349,19.155214071273804,,3.468245267868042e-06,179.42060174420476,1.2405216693878174e-06,,143.4329777173698,1.0,18.0,,,,,,,,,,,,,,,,,,,,,,,,,,,,,,,,,,,,,,,,,,,,,,,,,,,,,,,,,,,,,,,,,,,,,,,,,,,,,,,,,,,,,,,,,,,,,,,,,,,,,,,,,,,,,,,,,,,,,,,,,,,,,,,,,,,,,,,,,,,,,,,,,,,,,,,,,,,,,,,,,,,,,,,,,,,,,,,,,,,,,,,,,,,,,,,,,,,,,,,,,,,,,,,,,,,,,,,,,,,,,,,,,,,,,,,,,,,,,,,,,,,,,,,,,,,,,,,,,,,,,,,,,,,,,,,,,,,,,,,,,,,,,,,,,,,,,,,,,,,,,,,,,,,,,,,,,,,,,,,,,,,,,,,,,,,,,,,,,,,,,,,,,,,,,,,,,,,,,,,,,,,,,,,
0.1139635443687439,0.77734375,1e-06,0.0022864151396788657,0.0,0.1968482826813692,-7.398493986196316e-05,1783764275.962671,2.4748666286468506,-0.2641074061393738,-2.4748666286468506,2.4748666286468506,-0.2641074061393738,-2.4748666286468506,1.0,0.5390625,0.0,1.0,0.5390625,0.0,0.5,32.0,23.0,4.0,336.33184114843607,64.0,2.0,37.0,512.0,22.323560062795877,466375.0,466375.0,521220.0,466375.0,393850.0,127370.0,30.0,10.109375,6.0,40.40896224975586,67.36231708526611,88.16796875,0.45075322427684245,2716.463060648716,171.68464639037848,1865500.0,0.0,1593.0,1542.75,1506.0,0.01953125,10240.0,5744.359375,2366.0,19,4.666190194048405e-06,0.2287106653187203,0.07395296022635431,0.0087047778069973,0.6945668160915375,336.33184114843607,33.00726504251361,22.32356633245945,,3.926455974578857e-06,171.68464639037848,1.3373792171478271e-06,,137.95924730226398,1.0,19.0,,,,,,,,,,,,,,,,,,,,,,,,,,,,,,,,,,,,,,,,,,,,,,,,,,,,,,,,,,,,,,,,,,,,,,,,,,,,,,,,,,,,,,,,,,,,,,,,,,,,,,,,,,,,,,,,,,,,,,,,,,,,,,,,,,,,,,,,,,,,,,,,,,,,,,,,,,,,,,,,,,,,,,,,,,,,,,,,,,,,,,,,,,,,,,,,,,,,,,,,,,,,,,,,,,,,,,,,,,,,,,,,,,,,,,,,,,,,,,,,,,,,,,,,,,,,,,,,,,,,,,,,,,,,,,,,,,,,,,,,,,,,,,,,,,,,,,,,,,,,,,,,,,,,,,,,,,,,,,,,,,,,,,,,,,,,,,,,,,,,,,,,,,,,,,,,,,,,,,,,,,,,,,,
0.11193546652793884,0.880859375,1e-06,0.0019775959941477554,0.0,0.20603478111265955,0.00011318293937896986,1783765256.1437056,2.4748666286468506,-0.24754580855369568,-2.4748666286468506,2.4748666286468506,-0.24754580855369568,-2.4748666286468506,1.0,0.4375,0.0,1.0,0.4375,0.0,0.3333333333333333,32.0,45.0,4.0,771.361305937171,96.0,3.0,47.0,768.0,15.830673653632402,517715.0,517714.0,542260.0,517714.5,497398.0,44862.0,30.0,12.53125,6.0,41.293521881103516,67.36231708526611,88.16796875,0.4677841184783418,2717.8518153508116,190.4866545982659,2070858.0,0.0,1579.0,1526.375,1491.0,0.08203125,10240.0,6562.9140625,2412.0,20,4.1425280359286826e-06,0.4591146665372131,0.07368608831103357,0.0085785873234272,0.7406342253088951,771.361305937171,37.13017376512289,15.830678906291723,,4.023313522338867e-06,190.4866545982659,1.296401023864746e-06,,152.59342546761036,1.0,20.0,,,,,,,,,,,,,,,,,,,,,,,,,,,,,,,,,,,,,,,,,,,,,,,,,,,,,,,,,,,,,,,,,,,,,,,,,,,,,,,,,,,,,,,,,,,,,,,,,,,,,,,,,,,,,,,,,,,,,,,,,,,,,,,,,,,,,,,,,,,,,,,,,,,,,,,,,,,,,,,,,,,,,,,,,,,,,,,,,,,,,,,,,,,,,,,,,,,,,,,,,,,,,,,,,,,,,,,,,,,,,,,,,,,,,,,,,,,,,,,,,,,,,,,,,,,,,,,,,,,,,,,,,,,,,,,,,,,,,,,,,,,,,,,,,,,,,,,,,,,,,,,,,,,,,,,,,,,,,,,,,,,,,,,,,,,,,,,,,,,,,,,,,,,,,,,,,,,,,,,,,,,,,,,
0.10837698727846146,0.72265625,1e-06,0.0020857821786887058,2.2107264071348166e-05,0.39360272600537255,-0.0001401314336925723,1783765971.0641763,2.4748666286468506,-0.3033444285392761,-2.4748666286468506,2.4748666286468506,-0.3033444285392761,-2.4748666286468506,1.0,0.51953125,0.0,1.0,0.51953125,0.0,0.3333333333333333,32.0,41.0,9.0,521.0043457634747,96.0,3.0,46.0,768.0,17.91564081609249,480394.0,480393.0,557898.0,480393.75,438254.0,119644.0,30.0,10.609375,4.0,40.216033935546875,67.36231708526611,89.05859375,0.4678648183841438,2765.9908112457615,173.6787223033607,1921575.0,0.0,1636.0,1535.09375,1501.0,0.04296875,10240.0,5971.05859375,2347.0,21,4.509212776463895e-06,0.34083960049710793,0.0720818235373132,0.008664790540933609,0.6788313202559948,521.0043457634747,34.46676351875067,17.915646892040968,,3.4831464290618896e-06,173.6787223033607,1.2889504432678223e-06,,138.5106300637126,1.0,21.0,,,,,,,,,,,,,,,,,,,,,,,,,,,,,,,,,,,,,,,,,,,,,,,,,,,,,,,,,,,,,,,,,,,,,,,,,,,,,,,,,,,,,,,,,,,,,,,,,,,,,,,,,,,,,,,,,,,,,,,,,,,,,,,,,,,,,,,,,,,,,,,,,,,,,,,,,,,,,,,,,,,,,,,,,,,,,,,,,,,,,,,,,,,,,,,,,,,,,,,,,,,,,,,,,,,,,,,,,,,,,,,,,,,,,,,,,,,,,,,,,,,,,,,,,,,,,,,,,,,,,,,,,,,,,,,,,,,,,,,,,,,,,,,,,,,,,,,,,,,,,,,,,,,,,,,,,,,,,,,,,,,,,,,,,,,,,,,,,,,,,,,,,,,,,,,,,,,,,,,,,,,,,,,
0.09815502911806107,0.7421875,1e-06,0.002072031656533237,0.0,0.23274562876347615,3.855683715538243e-05,1783766602.227633,2.4748666286468506,-0.27359798550605774,-2.4748666286468506,2.4748666286468506,-0.27359798550605774,-2.4748666286468506,1.0,0.4765625,0.0,1.0,0.4765625,0.0,0.5,32.0,28.0,4.0,428.582142483443,64.0,2.0,32.0,512.0,9.370149351656437,520332.0,520331.0,561271.0,520331.25,457896.0,103375.0,30.0,11.171875,4.0,39.99839782714844,67.36231708526611,89.05859375,0.46341267051094615,2714.8820890045913,191.65887612849474,2081325.0,0.0,1630.0,1546.25,1500.0,0.046875,10240.0,6583.92578125,2282.0,22,4.099250325194041e-06,0.2542782299951901,0.07385060267939679,0.008531872183084488,0.7147553190588951,428.582142483443,37.21285630017519,9.370154991745949,,3.4123659133911133e-06,191.65887612849474,1.3560056686401367e-06,,153.70710562169552,1.0,22.0,,,,,,,,,,,,,,,,,,,,,,,,,,,,,,,,,,,,,,,,,,,,,,,,,,,,,,,,,,,,,,,,,,,,,,,,,,,,,,,,,,,,,,,,,,,,,,,,,,,,,,,,,,,,,,,,,,,,,,,,,,,,,,,,,,,,,,,,,,,,,,,,,,,,,,,,,,,,,,,,,,,,,,,,,,,,,,,,,,,,,,,,,,,,,,,,,,,,,,,,,,,,,,,,,,,,,,,,,,,,,,,,,,,,,,,,,,,,,,,,,,,,,,,,,,,,,,,,,,,,,,,,,,,,,,,,,,,,,,,,,,,,,,,,,,,,,,,,,,,,,,,,,,,,,,,,,,,,,,,,,,,,,,,,,,,,,,,,,,,,,,,,,,,,,,,,,,,,,,,,,,,,,,,
0.10383421927690506,0.759765625,1e-06,0.002037015837850049,3.103280905634165e-05,0.14331838563084603,-0.00022756518228561617,1783768192.3281186,2.4748666286468506,-0.21506574749946594,-2.4748666286468506,2.4748666286468506,-0.21506574749946594,-2.4748666286468506,1.0,0.37890625,0.0,1.0,0.37890625,0.0,0.3333333333333333,32.0,48.0,2.0,837.8247054070234,96.0,3.0,46.0,768.0,15.9429837949574,567984.0,567984.0,578661.0,567984.0,553703.0,24958.0,30.0,12.59375,4.0,39.902488708496094,67.36231708526611,89.05859375,0.47902950449052484,776.5729133513744,731.3981600888073,2271936.0,0.0,1630.0,1536.1875,1502.0,0.08203125,10240.0,7338.5625,2061.0,23,3.803274364296008e-06,0.44596646216424335,0.07336169534128231,0.008640795946121216,0.8137530870735645,837.8247054070234,40.998059529811144,15.942990019917488,4.031597878783941,4.518777132034302e-06,731.3981600888073,1.2479722499847412e-06,518.8339453786612,166.67307666689157,2.0,23.0,30.0,11.2265625,4.0,0.64690625,0.2089361042717106,0.729171875,0.1348368941978743,0.779671875,0.07134021576903382,0.53515625,0.259505870551776,0.423375,0.23373824297262774,0.32409374999999996,0.17666925631243535,0.25175000000000003,0.1054161143577739,0.44721874999999994,0.1630526616459504,0.5152187500000001,0.10950399195476539,0.557140625,0.055391813371573215,0.36328125,0.19399764022346844,0.27965625,0.16928704026022937,0.210640625,0.12166201231639583,0.1630625,0.07200972487747101,0.5429918444489539,0.13696364308917047,0.6038488016323955,0.09537430253526938,0.6463025374278499,0.06181631065729189,0.4627914750180376,0.17222876034056572,0.3821455461985931,0.15157390899810963,0.3112448338293651,0.11907867114637175,0.25660961084054834,0.08163947699663551,0.4307384944467935,0.17971723211020946,0.5089740099939762,0.13895690249048165,0.571072027896149,0.09660521755998668,0.3401875973929053,0.20403995354464122,0.24898059852939392,0.16365580379100023,0.17903393103539128,0.11408866637059491,0.13047548177351143,0.06807279665791094,0.431859375,0.16881652409862433,0.501546875,0.11766978622643166,0.547671875,0.06576198130494382,0.34765625,0.1975667828152486,0.26351562500000003,0.16935069824118817,0.19514062499999998,0.12051867295602631,0.147546875,0.0720460271298389,1.0,0.0,1.0,0.0,1.0,0.0,1.0,0.0,1.0,0.0,1.0,0.0,1.0,0.0,0.006953125,0.007765090524866724,0.010765625,0.0072328562120627694,0.014234375,0.004449121006937775,0.00390625,0.0067658234670659265,0.001171875,0.004115489747208101,7.8125e-05,0.0011020887484113973,0.0,0.0,0.098296875,0.15099493487245236,0.16496875,0.16532540110363042,0.24606249999999996,0.14725235348953009,0.0546875,0.12247492596651657,0.010640625,0.054328773090533744,0.00046875,0.007424375633127851,0.0,0.0,23670.160046875004,5052.560776059052,26050.476015624998,3644.649112711264,27713.3474375,2284.6324694589903,20754.3984375,5901.523791632526,17853.33525,4820.511119593719,15594.93728125,3250.210376313356,14212.930078124999,1746.1284966666558,0.431859375,0.16881652409862433,0.501546875,0.11766978622643166,0.547671875,0.06576198130494382,0.34765625,0.1975667828152486,0.26351562500000003,0.16935069824118817,0.19514062499999998,0.12051867295602631,0.147546875,0.0720460271298389,0.9402319654769506,0.053310119312581686,0.9634954522442172,0.03257324427419157,0.9775069885186556,0.0188749579965188,0.9037834599446473,0.07491793469230329,0.8676100647157845,0.07186672258158978,0.8314909447263102,0.06178022420209341,0.8001736219121705,0.04506685972703313,7334.949703124999,1414.65156343806,7982.004000000001,981.0010777719426,8410.10040625,588.094981143817,6507.734375,1700.0014474846273,5684.802203125,1436.234660294949,5016.1914375,1004.3449729998592,4591.507390625001,555.7639140331173,0.431859375,0.16881652409862433,0.501546875,0.11766978622643166,0.1975667828152486,0.26351562500000003,0.16935069824118817,0.19514062499999998,0.12051867295602631,0.147546875,0.0720460271298389,128.0,0.0,128.0,0.0,128.0,0.0,128.0,0.0,128.0,0.0,128.0,0.0,128.0,0.0,1.466942305676639,0.0,1.466942305676639,0.0,1.466942305676639,0.0,1.466942305676639,0.0,1.466942305676639,0.0,1.466942305676639,0.0,1.466942305676639,0.0,0.6426352864583333,0.21221305396068954,0.7305453125,0.1342973065468124,0.7825312934027777,0.06986328312012942,0.5245524088541667,0.26490592932833174,0.4055780164930555,0.23772230386173482,0.30219448784722225,0.1771112476346945,0.22949980468749998,0.10568016985291993,0.431859375,0.16881652409862433,0.501546875,0.11766978622643166,0.547671875,0.06576198130494382,0.34765625,0.1975667828152486,0.26351562500000003,0.16935069824118817,0.19514062499999998,0.12051867295602631,0.147546875,0.0720460271298389,0.0,0.0,0.0,0.0,0.0,0.0,0.0,0.0,0.0,0.0,0.0,0.0,0.0,0.0,6.248125,1.302817612635486,6.862171875,1.031889464472026,7.34859375,0.7126520086509527,5.546875,1.4474406286029808,4.8479375,1.1246835187548916,4.34353125,0.7467823610349714,4.0284375,0.4284061881876826,0.431859375,0.16881652409862433,0.501546875,0.11766978622643166,0.547671875,0.06576198130494382,0.34765625,0.1975667828152486,0.26351562500000003,0.16935069824118817,0.19514062499999998,0.12051867295602631,0.147546875,0.0720460271298389,0.7186874999999999,0.2335033122283089,0.8101093749999999,0.14286849888116018,0.86,0.06883007637777833,0.58984375,0.2954260486016697,0.460375,0.2713870897815715,0.34485937499999997,0.2059241492165071,0.262375,0.12345488920752122,254.25,0.0,254.25,0.0,254.25,0.0,254.25,0.0,254.25,0.0,254.25,0.0,254.25,0.0,1.0,0.0,1.0,0.0,1.0,0.0,1.0,0.0,1.0,0.0,1.0,0.0,1.0,0.0,9.0,0.0,9.0,0.0,9.0,0.0,9.0,0.0,9.0,0.0,9.0,0.0,9.0,0.0,0.8804639309539011,0.10662023862516337,0.9269909044884344,0.06514648854838315,0.9550139770373112,0.037749915993037605,0.8075669198892943,0.14983586938460658,0.7352201294315688,0.14373344516317957,0.6629818894526204,0.12356044840418683,0.6003472438243409,0.09013371945406626,0.96240625,0.08280190255923366,0.986375,0.03255947620829114,0.994703125,0.009747713924640796,0.904296875,0.14196967548259004,0.8457343749999999,0.15672531190236916,0.774234375,0.14818310423166234,0.7078437500000001,0.11446856350365454,0.547671875,0.06576198130494382,0.34765625
